Customer ID,Total Spending,Number of Orders,Total Quantity,Average Discount,Total Profit,Average Order Value,Purchase Frequency,Cluster,Customer Segment
AA-10315,5563.56,5,30,0.09090909090909091,-362.8825,1112.712,5,2,Silver
AA-10375,1056.39,9,41,0.08000000000000002,277.3824,117.37666666666668,9,2,Silver
AA-10480,1790.5120000000002,4,36,0.016666666666666666,435.8274,447.62800000000004,4,2,Silver
AA-10645,5086.9349999999995,6,64,0.06388888888888888,857.8033,847.8224999999999,6,0,Gold
AB-10015,886.156,3,13,0.06666666666666667,129.3465,295.38533333333334,3,2,Silver
AB-10060,7755.62,8,56,0.044444444444444446,2054.5885,969.4525,8,3,Platinum
AB-10105,14473.570999999998,10,73,0.24,5444.8055,1447.3570999999997,10,3,Platinum
AB-10150,966.71,5,37,0.13333333333333333,313.6597,193.342,5,2,Silver
AB-10165,1113.838,8,48,0.13571428571428573,220.813,139.22975,8,2,Silver
AB-10255,914.5319999999999,9,39,0.1,264.5675,101.61466666666666,9,2,Silver
AB-10600,1515.862,4,38,0.375,-274.9604,378.9655,4,1,Bronze
AC-10420,925.8,3,17,0.32,-62.1342,308.59999999999997,3,1,Bronze
AC-10450,5527.846,7,43,0.18888888888888888,1366.0098,789.6922857142856,7,0,Gold
AC-10615,2537.6859999999997,5,59,0.1111111111111111,298.8273,507.5371999999999,5,2,Silver
AC-10660,657.316,5,16,0.18333333333333335,-28.700399999999995,131.4632,5,1,Bronze
AD-10180,6106.88,8,40,0.05833333333333333,1869.9294,763.36,8,3,Platinum
AF-10870,2052.908,7,51,0.2,317.9712,293.27257142857144,7,0,Gold
AF-10885,861.565,4,37,0.2571428571428572,-163.1175,215.39125,4,1,Bronze
AG-10270,2582.898,5,58,0.014285714285714287,732.7399,516.5796,5,2,Silver
AG-10300,367.548,4,16,0.08,59.288399999999996,91.887,4,2,Silver
AG-10330,660.972,5,47,0.23333333333333334,-5.137100000000006,132.1944,5,1,Bronze
AG-10390,200.945,5,33,0.22499999999999998,69.2784,40.189,5,1,Bronze
AG-10495,2356.855,8,93,0.20476190476190476,295.6668,294.606875,8,0,Gold
AG-10525,1455.038,4,33,0.15555555555555556,-152.7613,363.7595,4,2,Silver
AG-10675,3489.0396000000005,7,54,0.16133333333333333,-246.42570000000003,498.43422857142866,7,0,Gold
AG-10765,170.584,4,20,0.45999999999999996,-8.431000000000001,42.646,4,1,Bronze
AG-10900,4510.797,10,92,0.16666666666666666,343.6824,451.07969999999995,10,0,Gold
AH-10030,1744.7,7,54,0.09090909090909091,365.2152,249.24285714285716,7,2,Silver
AH-10075,3250.337,10,75,0.135,281.189,325.0337,10,0,Gold
AH-10120,1735.5140000000001,7,65,0.23750000000000002,-2.3145999999999773,247.93057142857145,7,0,Gold
AH-10195,1587.452,4,28,0.35,-378.5509,396.863,4,1,Bronze
AH-10210,4805.344,9,53,0.09230769230769233,1308.5546,533.9271111111111,9,0,Gold
AH-10465,2495.3916,5,35,0.14,-196.12009999999998,499.07831999999996,5,2,Silver
AH-10585,738.504,4,17,0.12000000000000002,83.96300000000001,184.626,4,2,Silver
AH-10690,7888.294,12,102,0.21739130434782608,1298.0166,657.3578333333334,12,0,Gold
AI-10855,4375.786,10,72,0.07222222222222223,867.7271000000001,437.5786,10,0,Gold
AJ-10780,4867.344,7,62,0.08666666666666667,150.71300000000005,695.3348571428571,7,0,Gold
AJ-10795,4501.391,7,88,0.08333333333333333,1158.7064,643.0558571428571,7,0,Gold
AJ-10945,1839.24,7,40,0.04,521.1351999999999,262.74857142857144,7,2,Silver
AJ-10960,629.2479999999999,3,22,0.04,60.4265,209.7493333333333,3,2,Silver
AM-10360,814.012,5,48,0.125,194.9878,162.80239999999998,5,2,Silver
AM-10705,5664.022,8,81,0.06363636363636363,1085.7326,708.00275,8,0,Gold
AO-10810,161.28,1,2,0.2,12.096,161.28,1,1,Bronze
AP-10720,1638.554,8,85,0.1631578947368421,285.7888,204.81925,8,0,Gold
AP-10915,3323.556,10,102,0.09354838709677421,579.3113,332.3556,10,0,Gold
AR-10345,1055.694,4,18,0.26,-221.0544,263.9235,4,1,Bronze
AR-10405,2236.128,5,29,0.09999999999999999,-98.7646,447.22560000000004,5,2,Silver
AR-10510,264.86400000000003,5,33,0.21428571428571427,43.6695,52.97280000000001,5,1,Bronze
AR-10540,6608.448,6,33,0.06666666666666668,2884.6208,1101.4080000000001,6,3,Platinum
AR-10570,88.15,1,6,0.0,32.633,88.15,1,2,Silver
AR-10825,4523.336,8,54,0.07692307692307693,494.83519999999993,565.417,8,0,Gold
AS-10045,3050.692,7,48,0.355,-253.57459999999998,435.81314285714285,7,1,Bronze
AS-10090,3255.31,9,81,0.18,64.53739999999998,361.7011111111111,9,0,Gold
AS-10135,58.82,2,9,0.06666666666666667,21.8496,29.41,2,2,Silver
AS-10225,4260.784,5,41,0.06153846153846154,719.7751000000001,852.1568,5,2,Silver
AS-10240,584.6080000000001,7,39,0.2692307692307692,33.715799999999994,83.51542857142859,7,1,Bronze
AS-10285,3214.236,6,39,0.225,354.62760000000003,535.706,6,1,Bronze
AS-10630,833.398,7,34,0.18333333333333335,136.49190000000002,119.05685714285714,7,1,Bronze
AT-10435,1171.814,6,28,0.19999999999999998,100.87680000000002,195.30233333333334,6,1,Bronze
AT-10735,3831.864,10,60,0.08750000000000001,974.107,383.1864,10,0,Gold
AW-10840,649.376,4,24,0.2,65.77250000000001,162.344,4,1,Bronze
AW-10930,2852.968,7,68,0.30625,-104.5486,407.56685714285715,7,1,Bronze
AY-10555,497.014,4,34,0.1,103.3499,124.2535,4,2,Silver
AZ-10750,1622.0179999999998,6,40,0.125,154.9503,270.3363333333333,6,2,Silver
BB-10990,744.3399999999999,5,26,0.2,11.583900000000007,148.868,5,1,Bronze
BB-11545,6765.728,9,83,0.195,1015.0749999999999,751.7475555555556,9,0,Gold
BC-11125,2933.676,9,60,0.1111111111111111,251.5974,325.964,9,0,Gold
BD-11320,5718.521,12,75,0.07894736842105263,1094.5037,476.54341666666664,12,0,Gold
BD-11500,4411.2429999999995,6,49,0.135,1142.1225,735.2071666666666,6,0,Gold
BD-11560,320.54,2,11,0.0,116.714,160.27,2,2,Silver
BD-11605,3288.471,7,74,0.0725,634.8463,469.78157142857145,7,0,Gold
BD-11620,1538.11,6,27,0.17500000000000002,206.75689999999997,256.35166666666663,6,2,Silver
BD-11635,582.646,3,19,0.1,141.53400000000002,194.21533333333332,3,2,Silver
BD-11725,1526.5,6,29,0.02,333.9791,254.41666666666666,6,2,Silver
BD-11770,658.466,6,21,0.12000000000000002,141.265,109.74433333333333,6,2,Silver
BE-11335,4204.676,5,35,0.022222222222222223,1487.7739000000001,840.9352000000001,5,2,Silver
BE-11410,2261.438,5,19,0.16,755.9150999999999,452.2876,5,2,Silver
BE-11455,1727.652,6,40,0.14615384615384613,139.20080000000002,287.942,6,2,Silver
BF-10975,599.798,7,38,0.14615384615384613,227.4384,85.68542857142857,7,2,Silver
BF-11005,1333.88,4,26,0.18,-291.38109999999995,333.47,4,1,Bronze
BF-11020,2888.506,8,78,0.2571428571428572,302.02,361.06325,8,0,Gold
BF-11080,272.95,3,29,0.0,110.9272,90.98333333333333,3,2,Silver
BF-11170,5907.972,11,102,0.12222222222222222,1538.2127,537.0883636363636,11,0,Gold
BF-11215,1585.162,4,48,0.05,523.2133,396.2905,4,2,Silver
BF-11275,791.9899999999999,3,11,0.15000000000000002,25.870199999999997,263.9966666666666,3,2,Silver
BG-11035,2798.948,8,35,0.19166666666666665,-711.4274,349.8685,8,1,Bronze
BG-11695,1874.172,6,24,0.1375,107.5715,312.362,6,2,Silver
BG-11740,1006.356,6,22,0.14285714285714285,119.34790000000001,167.726,6,2,Silver
BH-11710,6255.351,8,97,0.18333333333333335,802.7898,781.918875,8,0,Gold
BK-11260,659.1379999999999,6,58,0.20625000000000002,-63.764399999999995,109.85633333333332,6,1,Bronze
BM-11140,11789.63,4,64,0.16875,-1659.9580999999998,2947.4075,4,3,Platinum
BM-11575,808.162,6,22,0.18,95.58160000000001,134.69366666666667,6,1,Bronze
BM-11650,7294.185,11,95,0.08448275862068966,2199.2781,663.1077272727273,11,3,Platinum
BM-11785,1338.842,10,44,0.25,137.7439,133.88420000000002,10,0,Gold
BN-11470,265.296,4,15,0.16666666666666666,36.6131,66.324,4,2,Silver
BN-11515,1459.344,5,79,0.023529411764705882,340.7054,291.8688,5,2,Silver
BO-11350,2682.728,5,43,0.2333333333333333,278.77700000000004,536.5456,5,1,Bronze
BO-11425,130.83,2,7,0.0,59.4522,65.415,2,2,Silver
BP-11050,983.42,5,30,0.14285714285714285,209.78300000000002,196.684,5,2,Silver
BP-11095,2442.044,12,70,0.165,433.9751,203.50366666666665,12,0,Gold
BP-11155,1697.8609999999999,6,32,0.0818181818181818,647.3847000000001,282.97683333333333,6,2,Silver
BP-11185,3675.861,9,69,0.19444444444444445,363.5991,408.429,9,0,Gold
BP-11230,1181.49,5,14,0.06666666666666667,-197.2695,236.298,5,2,Silver
BP-11290,2475.157,7,51,0.3,-319.0637,353.5938571428572,7,1,Bronze
BS-11365,10501.653,5,39,0.011111111111111112,2616.0643999999998,2100.3306000000002,5,3,Platinum
BS-11380,3887.834,5,58,0.27692307692307694,-17.532200000000024,777.5668,5,1,Bronze
BS-11590,2454.928,6,41,0.3,381.7807,409.1546666666666,6,1,Bronze
BS-11665,3288.1099999999997,3,47,0.18181818181818182,238.73680000000002,1096.0366666666666,3,1,Bronze
BS-11755,2562.382,7,45,0.13214285714285715,-113.29840000000003,366.0545714285714,7,2,Silver
BS-11800,949.4300000000001,2,22,0.0,194.0516,474.71500000000003,2,2,Silver
BT-11305,2567.656,5,33,0.044444444444444446,417.5918,513.5312,5,2,Silver
BT-11395,2186.6130000000003,6,38,0.15,257.9163,364.43550000000005,6,2,Silver
BT-11440,603.876,4,16,0.15714285714285717,-77.5256,150.969,4,2,Silver
BT-11485,415.19599999999997,2,11,0.06666666666666667,126.8694,207.59799999999998,2,2,Silver
BT-11530,2684.4919999999997,5,44,0.1,409.4983,536.8983999999999,5,2,Silver
BT-11680,3196.752,7,88,0.07,447.74839999999995,456.6788571428571,7,0,Gold
BV-11245,1523.2730000000001,5,49,0.09285714285714285,315.2214,304.6546,5,2,Silver
BW-11065,385.516,3,8,0.13333333333333333,-58.28659999999999,128.50533333333334,3,2,Silver
BW-11110,4750.358,8,74,0.1411764705882353,921.2574,593.79475,8,0,Gold
BW-11200,1738.406,6,49,0.15,246.9973,289.7343333333333,6,2,Silver
CA-11965,3789.7228,6,29,0.11200000000000002,1143.3817,631.6204666666666,6,2,Silver
CA-12055,1679.7240000000002,5,49,0.3,211.2559,335.94480000000004,5,1,Bronze
CA-12265,2648.2872,9,65,0.18941176470588236,279.6183,294.25413333333336,9,0,Gold
CA-12310,1421.954,4,25,0.11818181818181818,246.02179999999998,355.4885,4,2,Silver
CA-12775,3041.566,7,72,0.18823529411764706,204.48950000000002,434.50942857142854,7,0,Gold
CB-12025,6076.139,10,122,0.16346153846153846,150.2089,607.6139000000001,10,0,Gold
CB-12415,1949.2,8,44,0.3333333333333333,272.3883,243.65,8,1,Bronze
CB-12535,4246.4555,8,74,0.05,1049.5601,530.8069375,8,0,Gold
CC-12100,1770.945,6,46,0.21538461538461537,208.5912,295.15749999999997,6,1,Bronze
CC-12145,2471.65,7,31,0.08181818181818182,392.2825,353.09285714285716,7,2,Silver
CC-12220,3913.418,12,81,0.11818181818181818,393.9618,326.1181666666667,12,0,Gold
CC-12370,12129.072000000002,5,34,0.2818181818181818,2177.0493,2425.8144,5,3,Platinum
CC-12430,2870.05,10,63,0.05789473684210527,424.6583,287.005,10,0,Gold
CC-12475,1659.438,9,40,0.16153846153846155,154.851,184.382,9,0,Gold
CC-12550,113.832,3,14,0.15000000000000002,33.870599999999996,37.943999999999996,3,2,Silver
CC-12610,2540.631,7,39,0.27499999999999997,331.434,362.94728571428567,7,1,Bronze
CC-12670,2269.7015,7,47,0.16785714285714287,187.8399,324.24307142857145,7,2,Silver
CC-12685,2854.1150000000002,4,51,0.25,850.1591,713.5287500000001,4,1,Bronze
CD-11920,2033.968,5,35,0.044444444444444446,426.661,406.7936,5,2,Silver
CD-11980,639.766,3,22,0.43333333333333335,-206.7172,213.2553333333333,3,1,Bronze
CD-12280,1205.584,2,39,0.08461538461538462,233.0274,602.792,2,2,Silver
CD-12790,1860.732,5,49,0.02666666666666667,403.8422,372.14639999999997,5,2,Silver
CG-12040,904.4680000000001,6,37,0.18888888888888888,86.5106,150.7446666666667,6,1,Bronze
CG-12520,1148.7800000000002,3,14,0.2,169.93439999999998,382.92666666666673,3,1,Bronze
CH-12070,1537.236,3,13,0.15000000000000002,195.15109999999999,512.412,3,2,Silver
CJ-11875,16.52,1,5,0.2,1.652,16.52,1,1,Bronze
CJ-12010,11164.974,8,83,0.1885,858.7414,1395.62175,8,3,Platinum
CK-12205,3154.855,13,122,0.234375,141.2831,242.68115384615385,13,0,Gold
CK-12325,2945.321,5,46,0.18333333333333335,261.22090000000003,589.0642,5,1,Bronze
CK-12595,2372.75,11,108,0.184,497.70980000000003,215.70454545454547,11,0,Gold
CK-12760,1582.109,9,64,0.15,-338.4311,175.78988888888887,9,0,Gold
CL-11890,1262.0140000000001,4,24,0.05714285714285715,328.0847,315.50350000000003,4,2,Silver
CL-12565,10880.546,12,106,0.1142857142857143,1933.7830999999999,906.7121666666667,12,3,Platinum
CL-12700,2353.586,5,34,0.1875,229.00990000000002,470.71719999999993,5,1,Bronze
CM-11815,1673.888,6,38,0.12000000000000002,214.463,278.98133333333334,6,2,Silver
CM-11935,565.392,2,18,0.2,-43.732400000000005,282.696,2,1,Bronze
CM-12115,1661.6100000000001,4,35,0.028571428571428574,409.0679,415.40250000000003,4,2,Silver
CM-12160,2533.314,6,23,0.24285714285714285,-394.3686,422.219,6,1,Bronze
CM-12190,1475.144,6,21,0.07142857142857142,91.2033,245.85733333333334,6,2,Silver
CM-12235,2305.712,5,28,0.07500000000000001,365.0387,461.1424,5,2,Silver
CM-12385,8954.019999999999,4,34,0.12,3899.8903999999998,2238.5049999999997,4,3,Platinum
CM-12445,287.99,3,32,0.07777777777777778,64.4296,95.99666666666667,3,2,Silver
CM-12655,6339.5576,6,42,0.072,1572.4585,1056.5929333333333,6,3,Platinum
CM-12715,3984.4524,4,57,0.30923076923076925,176.3108,996.1131,4,1,Bronze
CP-12085,5402.254,8,57,0.14285714285714285,427.0258,675.28175,8,0,Gold
CP-12340,5888.275,8,59,0.21333333333333335,-1850.3029000000001,736.034375,8,0,Gold
CR-12580,2148.852,4,32,0.13333333333333333,74.40129999999999,537.213,4,2,Silver
CR-12625,475.9,3,14,0.0,144.7594,158.63333333333333,3,2,Silver
CR-12730,1600.55,4,18,0.26666666666666666,306.9176,400.1375,4,1,Bronze
CR-12820,1397.8724,3,26,0.13142857142857142,83.27029999999999,465.9574666666667,3,2,Silver
CS-11845,1278.954,5,22,0.275,185.3776,255.7908,5,1,Bronze
CS-11860,537.632,6,16,0.2285714285714286,105.8275,89.60533333333332,6,1,Bronze
CS-11950,3036.547,11,68,0.2636363636363636,-126.4223,276.0497272727273,11,0,Gold
CS-12130,884.64,4,28,0.1142857142857143,143.8339,221.16,4,2,Silver
CS-12175,844.4580000000001,5,30,0.1625,113.1405,168.8916,5,2,Silver
CS-12250,2754.216,12,97,0.05714285714285715,738.3626,229.518,12,0,Gold
CS-12355,3202.1620000000003,11,74,0.08181818181818182,831.9432,291.1056363636364,11,0,Gold
CS-12400,3651.8585000000003,9,47,0.21428571428571427,-342.80330000000004,405.7620555555556,9,0,Gold
CS-12460,550.644,2,13,0.06666666666666667,156.2593,275.322,2,2,Silver
CS-12490,1077.2285,4,33,0.25,-302.8761,269.307125,4,1,Bronze
CS-12505,5690.054999999999,6,40,0.19999999999999998,-6626.389499999999,948.3424999999999,6,1,Bronze
CT-11995,3241.898,8,60,0.16111111111111112,161.22629999999995,405.23725,8,0,Gold
CV-12295,2830.6279999999997,5,54,0.07692307692307693,493.0861,566.1256,5,2,Silver
CV-12805,2370.3136,9,62,0.2431578947368421,98.99749999999999,263.36817777777776,9,0,Gold
CW-11905,1136.592,6,40,0.09090909090909091,370.8298,189.43200000000002,6,2,Silver
CY-12745,2900.026,8,43,0.2,60.64670000000001,362.50325,8,0,Gold
Co-12640,1300.076,5,30,0.175,205.62820000000002,260.0152,5,2,Silver
DA-13450,156.76,4,27,0.125,56.7904,39.19,4,2,Silver
DB-12910,2171.599,8,47,0.15416666666666667,431.3748,271.449875,8,0,Gold
DB-12970,2839.2272,5,43,0.16571428571428573,213.00289999999998,567.8454399999999,5,2,Silver
DB-13060,4531.646,7,48,0.1846153846153846,473.0272,647.3779999999999,7,0,Gold
DB-13120,2973.094,7,59,0.14285714285714285,-1421.7692,424.7277142857143,7,0,Gold
DB-13210,2332.577,10,75,0.18571428571428572,169.9679,233.25770000000003,10,0,Gold
DB-13270,4655.897,8,52,0.2076923076923077,841.8263999999999,581.987125,8,0,Gold
DB-13360,1081.466,5,28,0.08333333333333333,291.0085,216.29319999999998,5,2,Silver
DB-13405,1711.692,4,62,0.028571428571428574,438.9092,427.923,4,2,Silver
DB-13555,3908.8028,7,61,0.15142857142857144,109.32700000000001,558.4004,7,0,Gold
DB-13615,1989.05,7,41,0.14545454545454548,438.80119999999994,284.15,7,2,Silver
DB-13660,1155.202,7,33,0.16,177.67350000000002,165.02885714285713,7,2,Silver
DC-12850,3336.168,9,64,0.21111111111111114,-1441.6312999999998,370.68533333333335,9,0,Gold
DC-13285,1174.618,5,37,0.07857142857142858,132.06820000000002,234.9236,5,2,Silver
DD-13570,269.542,6,33,0.24444444444444446,36.4344,44.92366666666666,6,1,Bronze
DE-13255,2550.874,5,38,0.1111111111111111,464.47139999999996,510.17479999999995,5,2,Silver
DF-13135,2390.534,3,23,0.2833333333333334,-259.3097,796.8446666666667,3,1,Bronze
DG-13300,3195.818,5,39,0.1,562.7761,639.1636000000001,5,2,Silver
DH-13075,4932.872,6,81,0.0782608695652174,1193.7404,822.1453333333334,6,0,Gold
DH-13675,1043.096,4,41,0.12272727272727274,116.667,260.774,4,2,Silver
DJ-13420,2012.52,4,20,0.0,483.03499999999997,503.13,4,2,Silver
DJ-13510,2501.6879999999996,8,52,0.06923076923076923,345.2521,312.71099999999996,8,2,Silver
DJ-13630,3356.398,3,43,0.0625,731.5644,1118.7993333333334,3,2,Silver
DK-12835,3256.48,12,86,0.17777777777777778,881.1228000000001,271.37333333333333,12,0,Gold
DK-12895,4282.176,5,65,0.08000000000000002,937.6496,856.4352000000001,5,0,Gold
DK-12985,1687.04,5,32,0.1625,-107.35379999999998,337.408,5,2,Silver
DK-13090,2650.557,7,33,0.13846153846153847,536.3935,378.65099999999995,7,2,Silver
DK-13150,797.832,2,20,0.12000000000000002,249.9447,398.916,2,2,Silver
DK-13225,4802.394,9,70,0.19473684210526318,209.89940000000004,533.5993333333333,9,0,Gold
DK-13375,3318.486,8,77,0.10869565217391304,377.0799,414.81075,8,0,Gold
DL-12865,1503.112,8,51,0.15,322.2449,187.889,8,0,Gold
DL-12925,3272.2,6,43,0.03571428571428571,4.213200000000029,545.3666666666667,6,2,Silver
DL-13315,1458.258,8,74,0.1823529411764706,288.8732,182.28225,8,0,Gold
DL-13330,585.02,4,32,0.05,222.6812,146.255,4,2,Silver
DL-13495,3539.322,8,33,0.05000000000000001,-52.78799999999997,442.41525,8,2,Silver
DM-12955,1322.034,7,28,0.16666666666666666,108.7583,188.86200000000002,7,2,Silver
DM-13015,6345.103,7,87,0.22999999999999998,1677.3931,906.4432857142857,7,0,Gold
DM-13345,4074.4719999999998,8,41,0.1,1319.0586,509.30899999999997,8,0,Gold
DM-13525,1376.792,3,33,0.16999999999999998,199.7688,458.93066666666664,3,2,Silver
DN-13690,2139.79,7,41,0.018181818181818184,540.5405000000001,305.6842857142857,7,2,Silver
DO-13435,1300.0315,9,48,0.15769230769230771,-38.90860000000001,144.44794444444446,9,0,Gold
DO-13645,1267.316,7,36,0.09090909090909091,294.0676,181.04514285714285,7,2,Silver
DP-13000,1050.636,9,58,0.2117647058823529,241.4524,116.73733333333332,9,0,Gold
DP-13105,2215.002,8,63,0.1142857142857143,563.1761,276.87525,8,0,Gold
DP-13165,1058.616,2,20,0.15000000000000002,-40.93759999999999,529.308,2,2,Silver
DP-13390,5480.723999999999,9,50,0.18571428571428572,1571.8318,608.9693333333332,9,0,Gold
DR-12880,6528.034000000001,9,103,0.13333333333333333,1641.8613,725.3371111111112,9,0,Gold
DR-12940,8350.868,8,57,0.15384615384615383,2869.0759999999996,1043.8585,8,3,Platinum
DS-13030,1762.213,4,54,0.1394736842105263,193.3319,440.55325,4,2,Silver
DS-13180,2881.8128,9,68,0.15350000000000003,163.6993,320.2014222222222,9,0,Gold
DV-13045,1119.483,5,28,0.17222222222222222,-427.184,223.89659999999998,5,1,Bronze
DV-13465,3341.587,6,62,0.11333333333333334,353.2127,556.9311666666666,6,0,Gold
DW-13195,1080.751,6,39,0.24444444444444446,-86.87379999999999,180.12516666666667,6,1,Bronze
DW-13480,5271.628,5,38,0.03636363636363637,1348.7556,1054.3256,5,2,Silver
DW-13540,344.08,5,21,0.17777777777777778,69.6672,68.816,5,1,Bronze
DW-13585,1204.854,7,44,0.17,-266.8966,172.122,7,2,Silver
Dl-13600,755.602,5,19,0.21666666666666667,175.2388,151.1204,5,1,Bronze
Dp-13240,7198.7609999999995,11,99,0.18620689655172415,333.36479999999995,654.4328181818181,11,0,Gold
EA-14035,2846.705,13,87,0.3,-52.74059999999998,218.97730769230768,13,0,Gold
EB-13705,3644.978,9,55,0.25833333333333336,13.621500000000005,404.99755555555555,9,0,Gold
EB-13750,3236.314,10,91,0.145,-80.28599999999999,323.6314,10,0,Gold
EB-13840,4358.128,5,41,0.125,656.1988,871.6256,5,2,Silver
EB-13870,2767.219,10,41,0.29090909090909095,261.5315,276.7219,10,0,Gold
EB-13930,944.6000000000001,5,24,0.17142857142857143,0.6042000000000058,188.92000000000002,5,2,Silver
EB-13975,1643.255,4,18,0.2833333333333333,162.8781,410.81375,4,1,Bronze
EB-14110,3071.126,6,30,0.2090909090909091,184.7656,511.8543333333334,6,1,Bronze
EB-14170,1186.326,6,20,0.2285714285714286,282.1701,197.721,6,1,Bronze
EC-14050,461.914,5,37,0.09999999999999999,96.4256,92.3828,5,2,Silver
ED-13885,3484.92,8,54,0.21428571428571427,670.4435000000001,435.615,8,0,Gold
EG-13900,1832.02,5,44,0.2,104.2656,366.404,5,1,Bronze
EH-13765,10310.880000000001,12,120,0.07187500000000001,1393.5154,859.2400000000001,12,3,Platinum
EH-13945,684.1709999999999,8,72,0.29411764705882354,53.53980000000001,85.52137499999999,8,0,Gold
EH-13990,825.9499999999999,6,20,0.0625,150.3759,137.65833333333333,6,2,Silver
EH-14005,1219.53,7,50,0.17272727272727273,-94.14079999999997,174.21857142857144,7,2,Silver
EH-14125,3082.653,10,76,0.20555555555555557,96.27019999999999,308.26529999999997,10,0,Gold
EH-14185,923.884,6,22,0.28750000000000003,242.1107,153.98066666666668,6,1,Bronze
EJ-13720,2162.174,4,31,0.175,387.0176,540.5435,4,2,Silver
EJ-14155,2656.691,5,31,0.0625,451.87550000000005,531.3381999999999,5,2,Silver
EK-13795,1303.478,4,18,0.0875,97.10659999999999,325.8695,4,2,Silver
EL-13735,124.28,2,9,0.0,27.1154,62.14,2,2,Silver
EM-13810,2567.0099999999998,5,23,0.14285714285714285,-133.8275,513.4019999999999,5,2,Silver
EM-13825,2339.598,8,57,0.0625,682.5541999999999,292.44975,8,0,Gold
EM-13960,933.704,5,18,0.2333333333333333,102.29599999999999,186.74079999999998,5,1,Bronze
EM-14065,228.99,4,22,0.25,40.15459999999999,57.2475,4,1,Bronze
EM-14095,1041.0420000000001,4,34,0.1,240.2362,260.26050000000004,4,2,Silver
EM-14140,4588.436000000001,6,74,0.06666666666666668,1319.3655,764.7393333333334,6,0,Gold
EM-14200,366.822,3,13,0.125,21.7721,122.274,3,2,Silver
EN-13780,2199.366,4,27,0.044444444444444446,496.1131,549.8415,4,2,Silver
EP-13915,5478.0608,17,124,0.19741935483870968,144.9578,322.23887058823533,17,0,Gold
ER-13855,1245.788,3,27,0.2,-295.7398,415.2626666666667,3,1,Bronze
ES-14020,3510.4579999999996,5,31,0.125,1003.2935,702.0916,5,2,Silver
ES-14080,4657.924,9,77,0.26,246.6661,517.5471111111111,9,0,Gold
FA-14230,2984.054,7,58,0.25882352941176473,520.5229,426.2934285714286,7,0,Gold
FC-14245,3418.742,7,50,0.1357142857142857,1217.1662000000001,488.39171428571433,7,0,Gold
FC-14335,3889.366,7,37,0.16,714.2926,555.6237142857143,7,2,Silver
FG-14260,1383.144,7,48,0.11818181818181818,394.73969999999997,197.592,7,2,Silver
FH-14275,4256.272,10,65,0.1285714285714286,1073.2676,425.6272,10,0,Gold
FH-14350,2271.284,4,52,0.10714285714285714,706.289,567.821,4,2,Silver
FH-14365,6987.196,8,52,0.13846153846153847,2050.2826,873.3995,8,3,Platinum
FM-14215,2456.638,10,48,0.09333333333333334,249.6808,245.66379999999998,10,0,Gold
FM-14290,3736.198,9,79,0.18,198.10949999999997,415.1331111111111,9,0,Gold
FM-14380,2523.266,9,53,0.15714285714285717,191.4898,280.3628888888889,9,0,Gold
FO-14305,2678.438,10,60,0.22,215.59689999999998,267.8438,10,0,Gold
FP-14320,4046.746,8,54,0.13571428571428573,406.44730000000004,505.84325,8,0,Gold
FW-14395,79.75,3,9,0.0,23.491300000000003,26.583333333333332,3,2,Silver
GA-14515,3919.7760000000003,8,48,0.0642857142857143,840.899,489.97200000000004,8,0,Gold
GA-14725,1398.382,11,79,0.17954545454545456,136.70790000000002,127.12563636363637,11,0,Gold
GB-14530,1568.44,11,62,0.16999999999999998,7.837100000000003,142.58545454545455,11,0,Gold
GB-14575,4716.288,5,63,0.037500000000000006,1135.8393,943.2575999999999,5,2,Silver
GD-14590,1888.07,4,25,0.13333333333333333,230.93729999999996,472.0175,4,2,Silver
GG-14650,2224.0,9,92,0.15,12.698500000000008,247.11111111111111,9,0,Gold
GH-14410,2819.4669999999996,9,65,0.27058823529411763,-576.8335,313.2741111111111,9,0,Gold
GH-14425,4172.8460000000005,4,51,0.19,1176.4181,1043.2115000000001,4,2,Silver
GH-14485,1361.2440000000001,2,15,0.4666666666666666,-95.4498,680.6220000000001,2,1,Bronze
GH-14665,146.94080000000002,2,9,0.24,-5.810200000000001,73.47040000000001,2,1,Bronze
GK-14620,6497.27,9,66,0.15714285714285717,1448.5525,721.9188888888889,9,0,Gold
GM-14440,3582.8199999999997,7,43,0.11818181818181818,347.266,511.83142857142855,7,2,Silver
GM-14455,3078.624,6,54,0.16666666666666666,793.2814000000001,513.1039999999999,6,0,Gold
GM-14500,1255.682,10,53,0.11538461538461539,441.3185,125.5682,10,0,Gold
GM-14680,3163.628,6,31,0.14545454545454548,35.48649999999999,527.2713333333334,6,2,Silver
GM-14695,6049.966,3,44,0.05454545454545456,188.7235,2016.6553333333334,3,3,Platinum
GP-14740,236.53,2,21,0.13999999999999999,31.837600000000002,118.265,2,2,Silver
GR-14560,1284.38,2,23,0.0,359.83320000000003,642.19,2,2,Silver
GT-14635,9351.212,3,26,0.25,-4108.6589,3117.0706666666665,3,1,Bronze
GT-14710,11820.119999999999,11,106,0.1,2163.4269,1074.5563636363636,11,3,Platinum
GT-14755,226.436,4,23,0.2,-6.139200000000002,56.609,4,1,Bronze
GW-14605,2189.019,7,43,0.15555555555555556,-268.54229999999995,312.717,7,2,Silver
GZ-14470,4355.150000000001,9,48,0.07857142857142858,1087.7539,483.9055555555556,9,0,Gold
GZ-14545,2454.6220000000003,4,25,0.04,828.661,613.6555000000001,4,2,Silver
HA-14905,2163.3,7,45,0.22999999999999998,270.8574,309.04285714285714,7,1,Bronze
HA-14920,2584.158,8,72,0.2,99.1445,323.01975,8,0,Gold
HD-14785,251.36,3,31,0.3,-135.87599999999998,83.78666666666668,3,1,Bronze
HE-14800,883.5319999999999,4,44,0.018181818181818184,274.4028,220.88299999999998,4,2,Silver
HF-14995,2533.1639999999998,7,70,0.13157894736842105,-13.876799999999989,361.8805714285714,7,0,Gold
HG-14845,785.628,5,31,0.19,147.0032,157.12560000000002,5,1,Bronze
HG-14965,3247.642,12,68,0.17058823529411765,-2797.9635000000003,270.6368333333333,12,0,Gold
HG-15025,3690.284,7,38,0.17272727272727273,804.6113,527.1834285714286,7,2,Silver
HH-15010,218.668,2,20,0.03333333333333333,86.7342,109.334,2,2,Silver
HJ-14875,358.1,5,21,0.10000000000000002,98.6548,71.62,5,2,Silver
HK-14890,4877.784,8,64,0.21333333333333335,956.9451,609.723,8,0,Gold
HL-15040,12873.297999999999,6,50,0.018181818181818184,5622.4292000000005,2145.5496666666663,6,3,Platinum
HM-14860,8236.7648,10,76,0.231,2437.9836,823.6764800000001,10,3,Platinum
HM-14980,736.276,4,29,0.17142857142857146,117.2755,184.069,4,2,Silver
HP-14815,1990.314,7,44,0.3,373.8637,284.33057142857143,7,1,Bronze
HR-14770,1299.288,5,38,0.04615384615384616,185.5794,259.8576,5,2,Silver
HR-14830,5248.787,7,51,0.09999999999999999,1196.9504,749.8267142857143,7,0,Gold
HW-14935,9300.254,8,85,0.045,2164.1611,1162.53175,8,3,Platinum
HZ-14950,886.52,5,21,0.19999999999999998,-130.3879,177.304,5,1,Bronze
IG-15085,744.574,4,19,0.028571428571428574,320.4982,186.1435,4,2,Silver
IL-15100,5040.736,7,60,0.07142857142857142,1121.937,720.1051428571428,7,0,Gold
IM-15055,2872.63,3,19,0.1,975.7701,957.5433333333334,3,2,Silver
IM-15070,4930.474,7,93,0.16666666666666666,514.6527,704.3534285714286,7,0,Gold
JA-15970,6491.026,8,87,0.2125,-819.4217000000001,811.37825,8,0,Gold
JB-15400,1791.605,10,43,0.20625000000000002,156.05319999999998,179.1605,10,0,Gold
JB-15925,900.552,3,32,0.3,-286.9808,300.184,3,1,Bronze
JB-16000,644.1188,7,32,0.07428571428571429,126.76490000000001,92.01697142857142,7,2,Silver
JB-16045,2518.115,5,32,0.1888888888888889,201.51850000000002,503.62299999999993,5,1,Bronze
JC-15340,71.263,4,12,0.22499999999999998,-0.35560000000000036,17.81575,4,1,Bronze
JC-15385,1058.108,1,14,0.05,502.92440000000005,1058.108,1,2,Silver
JC-15775,2772.055,9,64,0.12187500000000001,279.56919999999997,308.00611111111107,9,0,Gold
JC-16105,858.576,5,43,0.044444444444444446,201.5952,171.7152,5,2,Silver
JD-15790,2152.352,5,26,0.17142857142857146,-266.55249999999995,430.4704,5,1,Bronze
JD-15895,7610.8640000000005,11,150,0.075,1050.2667999999999,691.8967272727273,11,0,Gold
JD-16015,385.43,6,39,0.3090909090909091,26.7605,64.23833333333333,6,1,Bronze
JD-16060,695.442,3,17,0.049999999999999996,111.11410000000001,231.814,3,2,Silver
JD-16150,8828.0305,8,60,0.05588235294117647,1619.5199,1103.5038125,8,3,Platinum
JE-15475,1388.682,6,49,0.18461538461538465,276.2197,231.447,6,2,Silver
JE-15610,7754.976,7,74,0.16,1623.4019,1107.8537142857142,7,3,Platinum
JE-15715,8697.842999999999,10,97,0.3227272727272727,1262.2926,869.7842999999999,10,0,Gold
JE-15745,6760.8150000000005,13,90,0.14565217391304347,221.79670000000002,520.0626923076924,13,0,Gold
JE-16165,2697.248,3,34,0.028571428571428574,789.6476,899.0826666666667,3,2,Silver
JF-15190,2279.5860000000002,7,72,0.12105263157894736,575.1259,325.6551428571429,7,0,Gold
JF-15295,955.124,5,42,0.1142857142857143,97.28899999999999,191.0248,5,2,Silver
JF-15355,1911.844,6,58,0.07500000000000001,330.199,318.6406666666667,6,2,Silver
JF-15415,2371.448,6,69,0.07142857142857142,635.6376,395.24133333333333,6,2,Silver
JF-15490,1082.918,11,36,0.14666666666666667,-18.06730000000001,98.4470909090909,11,0,Gold
JF-15565,4198.332,8,67,0.17500000000000002,1073.2088,524.7915,8,0,Gold
JG-15115,2358.676,3,20,0.24285714285714288,684.1911,786.2253333333333,3,1,Bronze
JG-15160,6366.392,11,70,0.1111111111111111,1415.6664,578.762909090909,11,0,Gold
JG-15310,2240.58,6,46,0.2545454545454545,3.7976000000000063,373.43,6,1,Bronze
JG-15805,1507.018,6,46,0.06666666666666668,206.1019,251.16966666666667,6,2,Silver
JH-15430,309.281,4,29,0.31428571428571433,-24.077100000000005,77.32025,4,1,Bronze
JH-15820,528.91,6,29,0.15000000000000002,26.082199999999997,88.15166666666666,6,2,Silver
JH-15910,959.477,7,35,0.14444444444444446,-13.554499999999996,137.06814285714285,7,2,Silver
JH-15985,7954.9980000000005,6,64,0.08571428571428573,-644.6982,1325.833,6,0,Gold
JH-16180,2256.3940000000002,4,28,0.22000000000000003,-96.95300000000002,564.0985000000001,4,1,Bronze
JJ-15445,709.178,5,25,0.06666666666666667,200.5558,141.8356,5,2,Silver
JJ-15760,195.0,2,11,0.06666666666666667,34.449200000000005,97.5,2,2,Silver
JK-15205,4427.142,5,67,0.13076923076923078,1219.983,885.4284,5,0,Gold
JK-15325,383.812,3,15,0.1,55.32769999999999,127.93733333333334,3,2,Silver
JK-15370,2709.632,8,72,0.12352941176470589,330.2838,338.704,8,0,Gold
JK-15625,3760.028,7,44,0.11666666666666668,750.9485,537.1468571428571,7,2,Silver
JK-15640,4760.434,9,41,0.10000000000000002,1172.5303,528.9371111111111,9,0,Gold
JK-15730,4867.2,10,88,0.3325,55.0483,486.71999999999997,10,0,Gold
JK-16090,3747.668,3,43,0.19999999999999998,586.6625,1249.2226666666668,3,1,Bronze
JK-16120,2932.484,10,49,0.20588235294117646,122.6566,293.2484,10,0,Gold
JL-15130,1214.956,6,42,0.26666666666666666,-207.79559999999998,202.49266666666665,6,1,Bronze
JL-15175,1571.523,5,29,0.21428571428571427,209.2817,314.3046,5,1,Bronze
JL-15235,2203.7,5,39,0.22000000000000003,54.51740000000002,440.73999999999995,5,1,Bronze
JL-15505,3173.874,6,56,0.07058823529411766,591.7163,528.9789999999999,6,2,Silver
JL-15835,9799.923,11,143,0.08823529411764706,228.907,890.9020909090909,11,0,Gold
JL-15850,2725.256,6,38,0.23636363636363636,779.9046,454.2093333333333,6,1,Bronze
JM-15250,3159.1220000000003,6,91,0.2894736842105263,19.82350000000004,526.5203333333334,6,0,Gold
JM-15265,1804.146,5,52,0.13846153846153847,502.6143,360.8292,5,2,Silver
JM-15535,1733.443,7,46,0.09,356.5395,247.6347142857143,7,2,Silver
JM-15580,303.948,5,26,0.1142857142857143,113.1204,60.78959999999999,5,2,Silver
JM-15655,864.947,5,41,0.15833333333333335,117.20400000000001,172.9894,5,2,Silver
JM-15865,7625.076000000001,7,50,0.1846153846153846,1574.6163999999999,1089.2965714285715,7,3,Platinum
JM-16195,2833.9260000000004,10,74,0.06315789473684212,754.1144,283.3926,10,0,Gold
JO-15145,3254.949,9,59,0.07307692307692308,581.4045,361.661,9,0,Gold
JO-15280,1934.272,6,36,0.17272727272727273,202.13619999999997,322.3786666666667,6,2,Silver
JO-15550,1090.838,5,42,0.23636363636363636,167.6709,218.1676,5,1,Bronze
JP-15460,1669.135,7,54,0.14,429.7465,238.44785714285715,7,2,Silver
JP-15520,3635.594,7,63,0.059375000000000004,757.1802,519.3705714285715,7,0,Gold
JP-16135,1707.71,9,47,0.15384615384615385,309.7116,189.74555555555557,9,0,Gold
JR-15670,1156.658,2,14,0.3,-785.1645,578.329,2,1,Bronze
JR-15700,863.88,1,3,0.2,107.985,863.88,1,1,Bronze
JR-16210,2201.686,5,41,0.22000000000000003,452.37300000000005,440.33720000000005,5,1,Bronze
JS-15595,1417.654,4,35,0.3125,-175.54899999999998,354.4135,4,1,Bronze
JS-15685,1131.0639999999999,4,42,0.20909090909090908,-54.8692,282.76599999999996,4,1,Bronze
JS-15880,3868.02,5,43,0.14666666666666667,564.9798000000001,773.604,5,2,Silver
JS-15940,469.169,5,37,0.3375,-327.9336,93.8338,5,1,Bronze
JS-16030,2516.494,6,70,0.18333333333333332,-311.25749999999994,419.4156666666667,6,0,Gold
JW-15220,7721.714,6,66,0.07142857142857142,2173.7093999999997,1286.9523333333334,6,3,Platinum
JW-15955,1244.086,7,41,0.08181818181818182,-29.575899999999987,177.72657142857142,7,2,Silver
JW-16075,1428.731,4,38,0.32857142857142857,154.06369999999998,357.18275,4,1,Bronze
KA-16525,1519.506,7,57,0.05454545454545456,234.9194,217.07228571428573,7,2,Silver
KB-16240,3152.6150000000002,7,34,0.15,763.9076,450.37357142857144,7,2,Silver
KB-16315,1569.464,9,62,0.19545454545454544,49.71929999999999,174.3848888888889,9,0,Gold
KB-16405,908.821,3,25,0.044444444444444446,274.297,302.94033333333334,3,2,Silver
KB-16585,2744.742,12,102,0.10869565217391304,579.3551,228.72850000000003,12,0,Gold
KB-16600,983.922,7,29,0.2666666666666667,293.55240000000003,140.56028571428573,7,1,Bronze
KC-16255,2120.954,6,40,0.02,846.1217,353.49233333333336,6,2,Silver
KC-16540,3908.262,4,28,0.2,709.4219,977.0655,4,1,Bronze
KC-16675,1146.05,4,40,0.08571428571428573,156.7797,286.5125,4,2,Silver
KD-16270,8282.358,5,64,0.1875,1107.6952000000003,1656.4716,5,3,Platinum
KD-16345,1888.964,6,36,0.13,328.5942,314.82733333333334,6,2,Silver
KD-16495,8181.256,12,84,0.08750000000000001,3038.6254,681.7713333333334,12,3,Platinum
KD-16615,2243.5099999999998,5,56,0.1076923076923077,539.7219,448.70199999999994,5,2,Silver
KE-16420,1686.7312,8,67,0.21466666666666667,397.87989999999996,210.8414,8,0,Gold
KF-16285,10604.266,7,67,0.03333333333333334,1660.1386,1514.895142857143,7,3,Platinum
KH-16330,3312.864,8,70,0.1388888888888889,454.7871,414.108,8,0,Gold
KH-16360,3100.612,6,40,0.15,528.2051,516.7686666666667,6,2,Silver
KH-16510,5952.859,7,91,0.10869565217391304,656.1162,850.4084285714287,7,0,Gold
KH-16630,3918.9660000000003,9,84,0.10588235294117647,727.3786,435.4406666666667,9,0,Gold
KH-16690,5990.799,7,69,0.12666666666666665,1227.5091,855.8284285714286,7,0,Gold
KL-16555,5016.488,8,84,0.29545454545454547,-182.78130000000002,627.061,8,0,Gold
KL-16645,14175.229000000001,12,113,0.19999999999999998,806.855,1181.2690833333334,12,3,Platinum
KM-16225,2260.958,6,72,0.021052631578947368,635.1057000000001,376.82633333333337,6,2,Silver
KM-16375,5620.186,8,69,0.13999999999999999,973.7901999999999,702.52325,8,0,Gold
KM-16660,453.538,5,30,0.044444444444444446,91.1391,90.7076,5,2,Silver
KM-16720,4909.472,8,98,0.08928571428571429,745.7685,613.684,8,0,Gold
KN-16390,2617.272,9,56,0.21764705882352942,-151.1518,290.808,9,0,Gold
KN-16450,2171.962,5,49,0.28125,114.3083,434.3924,5,1,Bronze
KN-16705,2280.58,8,55,0.12000000000000001,329.76250000000005,285.0725,8,0,Gold
KS-16300,88.472,3,10,0.275,0.11099999999999888,29.490666666666666,3,1,Bronze
KT-16465,3057.1,7,45,0.2285714285714286,254.0032,436.7285714285714,7,1,Bronze
KT-16480,4642.088400000001,10,37,0.14769230769230768,194.0671,464.20884000000007,10,0,Gold
KW-16435,4416.5199999999995,5,42,0.11000000000000001,1756.135,883.3039999999999,5,2,Silver
KW-16570,449.096,4,22,0.04,107.92699999999999,112.274,4,2,Silver
LA-16780,8673.222,11,105,0.11538461538461539,2059.1199,788.4747272727273,11,3,Platinum
LB-16735,50.188,3,12,0.26666666666666666,18.6507,16.729333333333333,3,1,Bronze
LB-16795,4985.676,8,76,0.23750000000000002,-52.19099999999998,623.2095,8,0,Gold
LC-16870,2580.7039999999997,8,113,0.24000000000000002,-188.25110000000004,322.58799999999997,8,0,Gold
LC-16885,7663.126,12,93,0.1565217391304348,1288.3469,638.5938333333334,12,0,Gold
LC-16930,4492.946,8,52,0.17142857142857143,288.26599999999996,561.61825,8,0,Gold
LC-16960,3246.626,4,30,0.2857142857142857,299.48019999999997,811.6565,4,1,Bronze
LC-17050,2095.064,5,43,0.27222222222222225,86.77799999999999,419.01279999999997,5,1,Bronze
LC-17140,2633.582,9,62,0.18421052631578946,231.12520000000004,292.6202222222222,9,0,Gold
LD-16855,5.304,1,3,0.2,0.4641,5.304,1,1,Bronze
LD-17005,1961.934,4,25,0.028571428571428574,557.1714,490.4835,4,2,Silver
LE-16810,1469.45,6,32,0.2555555555555556,161.76489999999998,244.90833333333333,6,1,Bronze
LF-17185,3930.5089999999996,7,69,0.31875,-3583.977,561.5012857142857,7,1,Bronze
LH-16750,287.426,3,12,0.3666666666666667,12.627699999999999,95.80866666666667,3,1,Bronze
LH-16900,2295.332,9,64,0.12666666666666665,526.0727,255.03688888888888,9,0,Gold
LH-17020,318.239,4,34,0.4666666666666666,-242.73989999999998,79.55975,4,1,Bronze
LH-17155,1739.689,9,44,0.07894736842105263,316.5202,193.2987777777778,9,2,Silver
LL-16840,2741.2039999999997,6,50,0.016666666666666666,560.0078,456.8673333333333,6,2,Silver
LM-17065,1346.774,5,32,0.05714285714285715,-44.87799999999999,269.35479999999995,5,2,Silver
LO-17170,644.35,5,34,0.25555555555555554,150.1712,128.87,5,1,Bronze
LP-17080,756.606,4,39,0.1111111111111111,110.7813,189.1515,4,2,Silver
LP-17095,3653.399,7,52,0.18666666666666665,338.44539999999995,521.9141428571428,7,0,Gold
LR-16915,5142.892,6,64,0.17500000000000002,535.4764,857.1486666666666,6,0,Gold
LR-17035,1879.306,5,44,0.27499999999999997,-382.8079,375.8612,5,1,Bronze
LS-16945,2845.27,6,51,0.3071428571428571,-318.77369999999996,474.21166666666664,6,1,Bronze
LS-16975,2988.674,9,63,0.2818181818181818,262.63669999999996,332.0748888888889,9,0,Gold
LS-17200,1010.2560000000001,6,54,0.2,244.197,168.376,6,1,Bronze
LS-17230,368.88000000000005,3,16,0.11666666666666665,39.1952,122.96000000000002,3,2,Silver
LS-17245,1008.1360000000001,6,47,0.08333333333333333,348.3584,168.02266666666668,6,2,Silver
LT-16765,329.876,3,8,0.13333333333333333,59.036,109.95866666666666,3,2,Silver
LT-17110,2936.252,8,63,0.24642857142857144,320.973,367.0315,8,0,Gold
LW-16825,2238.061,5,50,0.20666666666666667,32.5767,447.61220000000003,5,1,Bronze
LW-16990,3230.308,6,38,0.10909090909090911,662.8339000000001,538.3846666666667,6,2,Silver
LW-17125,1259.04,3,15,0.0,192.6312,419.68,3,2,Silver
LW-17215,5420.514,7,59,0.16666666666666666,837.2411,774.3591428571428,7,0,Gold
MA-17560,4299.161,11,117,0.09411764705882353,1240.2266,390.8328181818182,11,0,Gold
MA-17995,2453.284,6,42,0.041666666666666664,280.7822,408.8806666666667,6,2,Silver
MB-17305,1548.702,10,63,0.17368421052631577,212.425,154.8702,10,0,Gold
MB-18085,1428.231,7,39,0.2,117.8057,204.033,7,1,Bronze
MC-17275,2725.982,8,54,0.13076923076923078,461.0014,340.74775,8,0,Gold
MC-17425,4432.138,5,48,0.12,1802.3903,886.4276,5,2,Silver
MC-17575,1303.893,8,40,0.29090909090909095,210.7493,162.986625,8,1,Bronze
MC-17590,2426.067,6,47,0.17058823529411765,288.98409999999996,404.3445,6,2,Silver
MC-17605,2258.192,8,60,0.2222222222222222,195.4486,282.274,8,0,Gold
MC-17635,795.154,4,33,0.17500000000000002,-247.94350000000003,198.7885,4,1,Bronze
MC-17845,3805.714,7,45,0.09999999999999999,698.4174,543.6734285714285,7,2,Silver
MC-18100,2218.98,10,73,0.26842105263157895,-64.1668,221.898,10,0,Gold
MC-18130,1581.9979999999998,5,34,0.05454545454545456,121.7565,316.39959999999996,5,2,Silver
MD-17350,3766.382,7,64,0.32941176470588235,-241.94999999999996,538.0545714285714,7,1,Bronze
MD-17860,1204.91,5,45,0.2875,-4.040300000000002,240.98200000000003,5,1,Bronze
ME-17320,10663.728000000001,10,82,0.1318181818181818,1859.4695,1066.3728,10,3,Platinum
ME-17725,1908.4532,8,46,0.2246153846153846,77.81280000000001,238.55665,8,1,Bronze
ME-18010,1256.944,4,15,0.16666666666666666,107.3604,314.236,4,2,Silver
MF-17665,937.039,5,36,0.13749999999999998,-341.52650000000006,187.4078,5,2,Silver
MF-18250,1758.3,5,38,0.06666666666666667,456.86080000000004,351.65999999999997,5,2,Silver
MG-17650,3785.276,7,57,0.1285714285714286,341.898,540.7537142857143,7,0,Gold
MG-17680,2350.188,4,25,0.225,25.888599999999972,587.547,4,1,Bronze
MG-17695,1342.282,3,23,0.2571428571428572,-398.79319999999996,447.4273333333333,3,1,Bronze
MG-17875,1242.8329999999999,5,23,0.24285714285714288,-470.7684,248.56659999999997,5,1,Bronze
MG-17890,776.384,9,35,0.11923076923076924,171.7372,86.26488888888889,9,2,Silver
MG-18145,3061.543,4,42,0.1875,-93.603,765.38575,4,1,Bronze
MG-18205,16.739,1,8,0.44999999999999996,-1.2453,16.739,1,1,Bronze
MH-17290,2394.025,6,55,0.18846153846153849,28.761200000000038,399.00416666666666,6,1,Bronze
MH-17440,400.016,4,25,0.07777777777777778,61.428599999999996,100.004,4,2,Silver
MH-17455,2456.1820000000002,8,45,0.16363636363636364,484.77330000000006,307.02275000000003,8,0,Gold
MH-17620,1252.8,4,19,0.23333333333333336,122.3612,313.2,4,1,Bronze
MH-17785,2203.7780000000002,7,42,0.07272727272727274,238.5614,314.82542857142863,7,2,Silver
MH-18025,2984.948,5,31,0.13,476.9032,596.9896,5,2,Silver
MH-18115,5503.093,9,79,0.16818181818181818,170.9746,611.4547777777777,9,0,Gold
MJ-17740,6320.746,7,50,0.21333333333333335,1054.5529000000001,902.9637142857143,7,0,Gold
MK-17905,2302.368,8,73,0.3,-405.3559,287.796,8,0,Gold
MK-18160,1031.602,4,43,0.0818181818181818,227.83380000000002,257.9005,4,2,Silver
ML-17395,2722.843,9,72,0.17250000000000001,684.9162,302.5381111111111,9,0,Gold
ML-17410,2921.5,6,51,0.16666666666666666,-76.17550000000003,486.9166666666667,6,2,Silver
ML-17755,2071.9139999999998,7,53,0.1076923076923077,409.51120000000003,295.9877142857143,7,2,Silver
ML-18040,742.082,3,18,0.25,138.71620000000001,247.36066666666667,3,1,Bronze
ML-18265,162.232,2,7,0.06666666666666667,42.6648,81.116,2,2,Silver
MM-17260,1314.023,4,17,0.13333333333333333,178.402,328.50575,4,2,Silver
MM-17920,3794.0800000000004,11,68,0.18125,82.12499999999997,344.91636363636366,11,0,Gold
MM-18055,2749.881,8,73,0.21052631578947367,-520.3443,343.735125,8,0,Gold
MM-18280,775.414,9,32,0.14166666666666666,58.8916,86.1571111111111,9,2,Silver
MN-17935,2477.946,6,36,0.26,290.8227,412.991,6,1,Bronze
MO-17500,922.487,4,15,0.22000000000000003,59.357699999999994,230.62175,4,1,Bronze
MO-17800,1687.0269999999998,8,49,0.16363636363636364,169.34369999999998,210.87837499999998,8,0,Gold
MO-17950,154.288,2,14,0.35000000000000003,-82.0074,77.144,2,1,Bronze
MP-17470,3206.132,7,77,0.12142857142857144,600.2873,458.01885714285714,7,0,Gold
MP-17965,3983.6420000000003,9,62,0.255,638.1563,442.6268888888889,9,0,Gold
MP-18175,5087.92,9,78,0.15526315789473685,226.4529,565.3244444444445,9,0,Gold
MR-17545,639.178,4,29,0.20000000000000004,162.9363,159.7945,4,1,Bronze
MS-17365,7443.6900000000005,10,105,0.16041666666666668,844.9354999999998,744.369,10,0,Gold
MS-17530,475.65599999999995,4,21,0.15714285714285717,84.0268,118.91399999999999,4,2,Silver
MS-17710,1613.402,6,48,0.22,247.4348,268.9003333333333,6,1,Bronze
MS-17770,3144.678,9,73,0.09999999999999999,280.85839999999996,349.40866666666665,9,0,Gold
MS-17830,370.348,4,14,0.18,19.431199999999997,92.587,4,1,Bronze
MS-17980,855.116,6,49,0.17272727272727273,55.226,142.51933333333332,6,2,Silver
MT-17815,2890.139,6,31,0.12999999999999998,509.0068,481.68983333333335,6,2,Silver
MT-18070,1319.4498,4,44,0.2427272727272727,-23.676300000000005,329.86245,4,1,Bronze
MV-17485,1560.05,9,52,0.24000000000000002,189.0258,173.33888888888887,9,0,Gold
MV-18190,1734.574,7,37,0.08636363636363636,273.8582,247.79628571428572,7,2,Silver
MW-18220,5341.900000000001,7,51,0.07857142857142858,1238.422,763.1285714285715,7,0,Gold
MW-18235,5253.876,2,13,0.06666666666666667,1665.516,2626.938,2,3,Platinum
MY-17380,2254.285,7,49,0.3076923076923077,319.1211,322.0407142857143,7,1,Bronze
MY-18295,4152.696,11,89,0.2438095238095238,-371.7111,377.5178181818182,11,0,Gold
MZ-17335,593.606,4,11,0.06666666666666667,85.01910000000001,148.4015,4,2,Silver
MZ-17515,2564.906,6,39,0.27999999999999997,787.7503,427.4843333333333,6,1,Bronze
NB-18580,273.87199999999996,2,7,0.1,24.788800000000002,136.93599999999998,2,2,Silver
NB-18655,1972.599,9,64,0.1735294117647059,117.6429,219.17766666666665,9,0,Gold
NC-18340,2461.404,5,54,0.0411764705882353,580.3075,492.2808,5,2,Silver
NC-18415,2218.9900000000002,6,38,0.2642857142857143,-2204.8072,369.8316666666667,6,1,Bronze
NC-18535,8241.739,7,64,0.13666666666666666,1314.758,1177.3912857142857,7,3,Platinum
NC-18625,1821.742,5,29,0.24444444444444446,-359.02099999999996,364.34839999999997,5,1,Bronze
ND-18370,4326.139,9,63,0.21111111111111114,353.64549999999997,480.6821111111111,9,0,Gold
ND-18460,2893.455,6,36,0.0875,443.33680000000004,482.2425,6,2,Silver
NF-18385,8322.826,7,52,0.25,-1695.9714,1188.9751428571428,7,0,Gold
NF-18475,377.16200000000003,4,13,0.25,85.92779999999999,94.29050000000001,4,1,Bronze
NF-18595,2031.472,7,55,0.11666666666666668,388.2131,290.2102857142857,7,2,Silver
NG-18355,1869.58,5,45,0.08750000000000001,313.63349999999997,373.916,5,2,Silver
NG-18430,1395.9379999999999,5,41,0.1111111111111111,217.0893,279.1876,5,2,Silver
NH-18610,2673.29,7,52,0.05454545454545456,760.1666,381.8985714285714,7,2,Silver
NK-18490,572.048,7,51,0.1272727272727273,121.2177,81.72114285714285,7,2,Silver
NL-18310,1418.0900000000001,4,44,0.06000000000000001,343.6381,354.52250000000004,4,2,Silver
NM-18445,6459.344,7,44,0.042857142857142864,2751.6848999999997,922.7634285714286,7,3,Platinum
NM-18520,2161.979,10,60,0.26,788.9525000000001,216.19789999999998,10,0,Gold
NP-18325,5529.62,6,77,0.05714285714285715,1208.8890000000001,921.6033333333334,6,0,Gold
NP-18670,3908.402,5,46,0.02,514.6002,781.6804,5,2,Silver
NP-18685,1228.698,6,23,0.18571428571428572,514.5017,204.78300000000002,6,2,Silver
NP-18700,7903.1825,7,63,0.19615384615384618,631.2282,1129.0260714285714,7,3,Platinum
NR-18550,2367.277,5,37,0.22307692307692306,-25.148799999999966,473.4554,5,1,Bronze
NS-18505,2575.863,4,52,0.20666666666666667,-12.303999999999997,643.96575,4,1,Bronze
NS-18640,2964.823,13,113,0.21538461538461537,-234.7714,228.0633076923077,13,0,Gold
NW-18400,7234.014,7,78,0.21363636363636365,1023.123,1033.4305714285715,7,0,Gold
NZ-18565,2488.31,9,77,0.175,402.4236,276.4788888888889,9,0,Gold
ON-18715,1567.52,9,58,0.16,-5.88900000000001,174.1688888888889,9,0,Gold
OT-18730,3818.624,5,51,0.15999999999999998,-925.1203,763.7248,5,1,Bronze
PA-19060,729.408,6,27,0.1857142857142857,225.8588,121.568,6,1,Bronze
PB-18805,740.356,3,54,0.12000000000000002,229.2257,246.78533333333334,3,2,Silver
PB-19105,688.324,4,18,0.12000000000000002,218.15970000000002,172.081,4,2,Silver
PB-19150,1456.95,8,54,0.1272727272727273,280.6606,182.11875,8,0,Gold
PB-19210,132.738,2,10,0.1,21.897000000000002,66.369,2,2,Silver
PC-18745,1832.064,4,22,0.22000000000000003,272.685,458.016,4,1,Bronze
PC-19000,1061.488,2,18,0.13333333333333333,-184.3364,530.744,2,2,Silver
PF-19120,9062.864,4,75,0.12105263157894738,-614.2943000000001,2265.716,4,3,Platinum
PF-19165,2770.0,6,34,0.05,196.87389999999996,461.6666666666667,6,2,Silver
PF-19225,2206.1279999999997,5,32,0.06000000000000001,591.3118000000001,441.22559999999993,5,2,Silver
PG-18820,3086.907,13,83,0.16923076923076924,137.46130000000002,237.45438461538464,13,0,Gold
PG-18895,1987.164,9,61,0.09411764705882353,334.5163,220.796,9,0,Gold
PH-18790,729.648,1,6,0.2,47.8878,729.648,1,1,Bronze
PJ-18835,1220.09,8,46,0.07692307692307693,442.1355,152.51125,8,2,Silver
PJ-19015,1824.2340000000002,7,25,0.08,682.9979000000001,260.60485714285716,7,2,Silver
PK-18910,1441.152,2,14,0.3666666666666667,-798.705,720.576,2,1,Bronze
PK-19075,8646.934,12,107,0.07600000000000001,2038.2676000000001,720.5778333333333,12,3,Platinum
PL-18925,239.481,5,29,0.25,-0.7527000000000026,47.8962,5,1,Bronze
PM-18940,1405.402,3,16,0.15,157.8768,468.46733333333333,3,2,Silver
PM-19135,4115.662,4,36,0.1285714285714286,526.7537,1028.9155,4,2,Silver
PN-18775,1467.152,8,47,0.12307692307692308,192.0396,183.394,8,2,Silver
PO-18850,7473.8282,11,91,0.21,38.47569999999996,679.4389272727273,11,0,Gold
PO-18865,2493.214,7,54,0.04615384615384616,437.8533,356.1734285714286,7,2,Silver
PO-19180,4893.043,9,65,0.10555555555555557,1155.4331,543.6714444444444,9,0,Gold
PO-19195,1056.858,5,32,0.19,-49.70089999999999,211.3716,5,1,Bronze
PP-18955,7252.608,10,138,0.1088235294117647,1495.0854,725.2608,10,0,Gold
PR-18880,1840.178,5,43,0.11666666666666668,247.6226,368.03560000000004,5,2,Silver
PS-18760,2181.479,6,75,0.22380952380952382,-134.441,363.5798333333333,6,0,Gold
PS-18970,1278.639,8,52,0.05384615384615384,198.5099,159.829875,8,2,Silver
PS-19045,6843.634,7,47,0.0846153846153846,1742.7296999999999,977.662,7,3,Platinum
PT-19090,160.572,4,19,0.37142857142857144,-20.0508,40.143,4,1,Bronze
PV-18985,2876.046,5,52,0.08461538461538462,434.52840000000003,575.2092,5,2,Silver
PW-19030,3454.916,10,48,0.038461538461538464,803.8169,345.4916,10,0,Gold
PW-19240,3922.4150000000004,7,39,0.1708333333333333,1290.354,560.345,7,0,Gold
QJ-19255,6108.338,9,61,0.12307692307692308,1203.6768,678.7042222222221,9,0,Gold
RA-19285,2617.906,9,58,0.1647058823529412,546.0882,290.8784444444444,9,0,Gold
RA-19885,3832.314,7,53,0.04000000000000001,1292.8656,547.4734285714286,7,2,Silver
RA-19915,4793.543,9,75,0.27954545454545454,304.8673,532.6158888888889,9,0,Gold
RA-19945,1686.9225,5,27,0.31666666666666665,-445.695,337.3845,5,1,Bronze
RB-19330,1008.1959999999999,2,16,0.3166666666666667,-164.40619999999998,504.09799999999996,2,1,Bronze
RB-19360,15117.339,6,71,0.09444444444444444,6976.0959,2519.5565,6,3,Platinum
RB-19435,2663.0860000000002,8,66,0.1625,477.23990000000003,332.88575000000003,8,0,Gold
RB-19465,4715.466,12,85,0.13478260869565217,640.5466,392.95550000000003,12,0,Gold
RB-19570,528.546,5,35,0.16666666666666666,76.8879,105.70920000000001,5,2,Silver
RB-19645,221.084,5,29,0.14285714285714285,72.679,44.2168,5,2,Silver
RB-19705,2067.45,4,22,0.1571428571428571,243.07549999999998,516.8625,4,2,Silver
RB-19795,5633.316000000001,8,92,0.25,-461.73319999999995,704.1645000000001,8,0,Gold
RC-19825,966.409,6,29,0.11000000000000001,63.991400000000006,161.06816666666666,6,2,Silver
RC-19960,885.752,6,44,0.17272727272727273,10.563300000000002,147.62533333333332,6,2,Silver
RD-19480,4272.93,8,60,0.10666666666666667,480.594,534.11625,8,0,Gold
RD-19585,2912.8940000000002,10,73,0.03157894736842106,734.5158,291.2894,10,0,Gold
RD-19660,2786.632,5,23,0.08,835.772,557.3264,5,2,Silver
RD-19720,1419.737,10,78,0.1575,207.3304,141.9737,10,0,Gold
RD-19810,1137.616,8,63,0.1875,318.4625,142.202,8,0,Gold
RD-19900,3133.924,9,85,0.05714285714285715,455.5292,348.21377777777775,9,0,Gold
RD-19930,970.9420000000001,4,33,0.31,35.05740000000001,242.73550000000003,4,1,Bronze
RE-19405,48.36,1,5,0.2,6.045,48.36,1,1,Bronze
RE-19450,876.696,5,47,0.13333333333333333,209.2294,175.3392,5,2,Silver
RF-19345,3309.15,8,67,0.1375,633.7072000000001,413.64375,8,0,Gold
RF-19735,2341.2960000000003,7,53,0.014285714285714287,711.6168,334.4708571428572,7,2,Silver
RF-19840,945.222,8,45,0.0818181818181818,280.0261,118.15275,8,2,Silver
RH-19495,3621.3759999999997,5,38,0.1,563.7877,724.2751999999999,5,2,Silver
RH-19510,6979.18,6,43,0.03333333333333333,1289.4535,1163.1966666666667,6,3,Platinum
RH-19555,740.382,2,11,0.5333333333333333,0.30570000000000164,370.191,2,1,Bronze
RH-19600,2085.7400000000002,3,43,0.10909090909090909,172.6261,695.2466666666668,3,2,Silver
RK-19300,1460.192,3,29,0.07500000000000001,269.688,486.73066666666665,3,2,Silver
RL-19615,6234.91,8,101,0.21875,488.14840000000004,779.36375,8,0,Gold
RM-19375,1453.474,6,29,0.044444444444444446,392.1499,242.24566666666666,6,2,Silver
RM-19675,5979.0960000000005,5,39,0.045454545454545456,1902.5438000000001,1195.8192000000001,5,3,Platinum
RM-19750,98.35,1,4,0.0,28.6879,98.35,1,2,Silver
RO-19780,3815.478,7,48,0.2916666666666667,-1262.5716000000002,545.0682857142857,7,1,Bronze
RP-19270,954.6452,4,47,0.19333333333333336,59.538399999999996,238.6613,4,1,Bronze
RP-19390,5153.084,12,88,0.14800000000000002,465.25030000000015,429.42366666666663,12,0,Gold
RP-19855,2170.716,8,61,0.13333333333333333,594.5868,271.3395,8,0,Gold
RR-19315,615.932,2,7,0.27499999999999997,-73.835,307.966,2,1,Bronze
RR-19525,3302.2619999999997,6,36,0.06000000000000001,721.6826,550.377,6,2,Silver
RS-19420,3221.29,5,29,0.0,633.4513999999999,644.258,5,2,Silver
RS-19765,4159.7699999999995,8,54,0.1142857142857143,1206.3851,519.9712499999999,8,0,Gold
RS-19870,22.328,2,10,0.06666666666666667,9.5838,11.164,2,2,Silver
RW-19540,7397.401,7,89,0.13478260869565217,1586.6273,1056.7715714285714,7,3,Platinum
RW-19630,3279.746,9,53,0.1375,698.8325,364.41622222222225,9,0,Gold
RW-19690,3495.646,5,61,0.07333333333333333,707.5503,699.1292000000001,5,2,Silver
SA-20830,4767.3415,10,75,0.19285714285714284,610.1496000000001,476.73415000000006,10,0,Gold
SB-20170,1348.02,3,24,0.18571428571428572,157.6658,449.34,3,1,Bronze
SB-20185,6410.996,6,45,0.1416666666666667,885.4623999999999,1068.4993333333334,6,0,Gold
SB-20290,8057.891,7,84,0.24117647058823527,-2082.7451,1151.1272857142856,7,0,Gold
SC-20020,3362.9636,5,62,0.21882352941176472,-317.0508,672.59272,5,1,Bronze
SC-20050,4624.572,9,61,0.18666666666666668,1011.7443,513.8413333333333,9,0,Gold
SC-20095,14142.333999999999,9,87,0.06363636363636364,5757.411899999999,1571.3704444444443,9,3,Platinum
SC-20230,4371.9580000000005,4,49,0.10909090909090911,440.14099999999996,1092.9895000000001,4,2,Silver
SC-20260,3729.7929999999997,8,63,0.19722222222222222,671.0033999999999,466.22412499999996,8,0,Gold
SC-20305,3979.065,7,64,0.21666666666666667,229.1617,568.4378571428572,7,0,Gold
SC-20380,5992.536,9,80,0.19,236.66149999999996,665.8373333333334,9,0,Gold
SC-20440,1874.998,7,44,0.27999999999999997,379.5611,267.85685714285717,7,1,Bronze
SC-20575,902.7280000000001,5,30,0.34285714285714286,100.2253,180.5456,5,1,Bronze
SC-20680,1254.64,6,26,0.0,370.1578,209.10666666666668,6,2,Silver
SC-20695,2576.408,10,66,0.15714285714285717,611.8291,257.6408,10,0,Gold
SC-20725,5226.21,11,133,0.15000000000000002,1276.6513,475.11,11,0,Gold
SC-20770,4492.657,7,75,0.30476190476190473,-671.1874,641.8081428571429,7,0,Gold
SC-20800,279.25600000000003,4,11,0.12000000000000002,51.8252,69.81400000000001,4,2,Silver
SC-20845,280.632,2,13,0.2,31.1757,140.316,2,1,Bronze
SD-20485,6121.114,9,82,0.10476190476190476,1985.1671999999999,680.1237777777777,9,0,Gold
SE-20110,12209.438000000002,11,78,0.1105263157894737,2650.6769,1109.9489090909092,11,3,Platinum
SF-20065,763.5459999999999,7,35,0.1,228.1623,109.07799999999999,7,2,Silver
SF-20200,3422.7859999999996,9,74,0.12666666666666665,286.9046,380.3095555555555,9,0,Gold
SF-20965,3336.535,9,66,0.2705882352941177,539.9352,370.7261111111111,9,0,Gold
SG-20080,3406.5809999999997,3,30,0.06818181818181818,570.438,1135.5269999999998,3,2,Silver
SG-20470,1884.798,8,62,0.15,-119.0105,235.59975,8,0,Gold
SG-20605,3124.832,6,49,0.09230769230769233,463.269,520.8053333333334,6,2,Silver
SG-20890,47.946,3,17,0.4,-3.7073,15.982,3,1,Bronze
SH-19975,3406.8395,13,113,0.13620689655172413,558.4739999999999,262.0645769230769,13,0,Gold
SH-20395,2180.718,10,45,0.23333333333333334,-144.5229,218.0718,10,0,Gold
SH-20635,2096.392,2,16,0.2,260.6258,1048.196,2,1,Bronze
SJ-20125,3949.656,12,104,0.23333333333333336,144.1189,329.138,12,0,Gold
SJ-20215,1341.036,6,35,0.37,-23.5137,223.506,6,1,Bronze
SJ-20500,1318.776,5,30,0.14285714285714285,68.09629999999999,263.7552,5,2,Silver
SK-19990,883.409,3,19,0.22000000000000003,168.7933,294.4696666666667,3,1,Bronze
SL-20155,3053.012,7,30,0.17777777777777778,527.9715,436.14457142857145,7,2,Silver
SM-20005,244.49399999999997,4,26,0.26666666666666666,-26.5927,61.12349999999999,4,1,Bronze
SM-20320,25043.05,5,50,0.24666666666666667,-1980.7393,5008.61,5,3,Platinum
SM-20905,1043.041,1,20,0.2833333333333333,-237.2885,1043.041,1,1,Bronze
SM-20950,5563.392,12,94,0.1272727272727273,581.5741999999999,463.616,12,0,Gold
SN-20560,1860.418,6,67,0.1733333333333333,-716.8565000000001,310.06966666666665,6,0,Gold
SN-20710,3127.9592,7,89,0.1168421052631579,481.74989999999997,446.85131428571424,7,0,Gold
SO-20335,2602.5755,6,52,0.1366666666666667,-81.0858,433.76258333333334,6,2,Silver
SP-20545,1306.086,6,43,0.26,-118.77570000000001,217.681,6,1,Bronze
SP-20620,5440.319,9,77,0.25,-270.42819999999995,604.4798888888889,9,0,Gold
SP-20650,1872.4360000000001,9,71,0.15333333333333332,268.4782,208.04844444444447,9,0,Gold
SP-20860,4282.94,10,80,0.20833333333333334,566.7226,428.294,10,0,Gold
SP-20920,3990.689,6,57,0.2714285714285714,14.692400000000003,665.1148333333333,6,1,Bronze
SR-20425,3233.481,5,34,0.36666666666666664,-3333.9144,646.6962000000001,5,1,Bronze
SR-20740,4345.8859999999995,8,50,0.03333333333333333,1990.4243999999999,543.2357499999999,8,0,Gold
SS-20140,1324.028,8,86,0.11428571428571428,332.3487,165.5035,8,0,Gold
SS-20410,3056.8070000000002,6,46,0.25833333333333336,-1010.9738,509.4678333333334,6,1,Bronze
SS-20515,613.4,3,36,0.0,199.93449999999999,204.46666666666667,3,2,Silver
SS-20590,418.49,6,17,0.0,135.5401,69.74833333333333,6,2,Silver
SS-20875,964.636,5,39,0.24000000000000002,-75.586,192.9272,5,1,Bronze
ST-20530,433.34000000000003,7,33,0.20000000000000004,84.4419,61.90571428571429,7,1,Bronze
SU-20665,2595.364,7,61,0.13333333333333333,763.4719,370.76628571428574,7,0,Gold
SV-20365,11470.949999999999,10,109,0.15625,1199.4242,1147.0949999999998,10,3,Platinum
SV-20785,4105.305,9,91,0.184,485.0272,456.14500000000004,9,0,Gold
SV-20815,1271.0900000000001,4,24,0.19999999999999998,199.6502,317.77250000000004,4,1,Bronze
SV-20935,1903.491,8,66,0.23076923076923078,106.8912,237.936375,8,0,Gold
SW-20245,1085.078,7,33,0.25999999999999995,-19.60620000000001,155.01114285714286,7,1,Bronze
SW-20275,1966.65,6,28,0.028571428571428574,332.8725,327.77500000000003,6,2,Silver
SW-20350,1019.044,3,25,0.21666666666666667,95.8383,339.6813333333333,3,1,Bronze
SW-20455,2921.544,7,18,0.1111111111111111,793.6548,417.3634285714285,7,2,Silver
SW-20755,758.6959999999999,2,27,0.1,68.2416,379.34799999999996,2,2,Silver
SZ-20035,3625.329,11,69,0.22000000000000003,366.43030000000005,329.57536363636365,11,0,Gold
TA-21385,14595.62,4,36,0.07999999999999999,4703.7883,3648.905,4,3,Platinum
TB-21055,1467.881,5,66,0.05555555555555555,390.2113,293.57620000000003,5,2,Silver
TB-21175,3589.296,4,36,0.09090909090909091,829.1635,897.324,4,2,Silver
TB-21190,816.1740000000001,4,23,0.025,179.0038,204.04350000000002,4,2,Silver
TB-21250,1602.376,7,74,0.2473684210526316,260.6155,228.91085714285714,7,0,Gold
TB-21280,2198.45,6,35,0.1,490.9567,366.4083333333333,6,2,Silver
TB-21355,834.328,5,44,0.06153846153846154,268.967,166.8656,5,2,Silver
TB-21400,9133.99,7,55,0.07058823529411766,2798.3689,1304.8557142857142,7,3,Platinum
TB-21520,4737.486,9,85,0.265,-1603.0451,526.3873333333333,9,0,Gold
TB-21595,1387.559,5,29,0.2714285714285714,-136.4091,277.5118,5,1,Bronze
TB-21625,2797.668,9,60,0.14,379.882,310.85200000000003,9,0,Gold
TC-20980,19052.218,5,42,0.11666666666666665,8981.323900000001,3810.4436,5,3,Platinum
TC-21145,1038.26,1,17,0.0,265.5332,1038.26,1,2,Silver
TC-21295,4266.812,8,63,0.13125,606.3727,533.3515,8,0,Gold
TC-21475,1244.976,9,45,0.2636363636363636,119.104,138.33066666666667,9,1,Bronze
TC-21535,742.5580000000001,7,28,0.11000000000000001,217.933,106.0797142857143,7,2,Silver
TD-20995,1434.5480000000002,9,67,0.24375000000000002,88.1897,159.39422222222225,9,0,Gold
TG-21310,3058.372,5,30,0.2111111111111111,682.1704,611.6744,5,1,Bronze
TG-21640,2074.661,4,50,0.13,365.7205,518.66525,4,2,Silver
TH-21100,2422.824,5,29,0.17142857142857146,-135.2125,484.5648,5,2,Silver
TH-21115,2942.772,4,29,0.23333333333333334,-252.5539,735.693,4,1,Bronze
TH-21235,1022.201,8,40,0.2076923076923077,92.729,127.775125,8,1,Bronze
TH-21550,4234.0960000000005,7,44,0.06923076923076922,-571.9678,604.8708571428572,7,2,Silver
TM-21010,2955.2259999999997,8,67,0.05263157894736842,573.3013,369.40324999999996,8,0,Gold
TM-21490,1094.6779999999999,3,12,0.05,292.52099999999996,364.8926666666666,3,2,Silver
TN-21040,3130.221,7,48,0.19999999999999998,-692.0452,447.17442857142856,7,1,Bronze
TP-21130,4454.0560000000005,9,55,0.08750000000000001,1129.1261,494.8951111111112,9,0,Gold
TP-21415,5329.0048,5,39,0.462,-1087.3898,1065.80096,5,1,Bronze
TP-21565,1936.6399999999999,4,48,0.24,139.22869999999995,484.15999999999997,4,1,Bronze
TR-21325,675.9419999999999,5,22,0.028571428571428574,220.36440000000002,135.18839999999997,5,2,Silver
TS-21085,4.833,2,4,0.7,-3.3156,2.4165,2,1,Bronze
TS-21160,2163.6240000000003,6,60,0.22352941176470587,260.87440000000004,360.60400000000004,6,1,Bronze
TS-21205,5371.09,7,67,0.15789473684210525,862.8877,767.2985714285714,7,0,Gold
TS-21340,974.7819999999999,5,51,0.2833333333333333,-184.97889999999998,194.95639999999997,5,1,Bronze
TS-21370,11891.751,6,59,0.11666666666666667,2371.7144000000003,1981.9585,6,3,Platinum
TS-21430,2054.14,5,31,0.15714285714285717,48.70169999999999,410.828,5,2,Silver
TS-21505,2243.274,6,54,0.19285714285714287,11.377899999999983,373.87899999999996,6,1,Bronze
TS-21610,2820.424,7,44,0.3727272727272727,-294.6981,402.9177142857143,7,1,Bronze
TS-21655,3368.094,5,52,0.19285714285714287,220.91629999999998,673.6188,5,1,Bronze
TT-21070,4915.602,7,66,0.1142857142857143,751.9567,702.2288571428571,7,0,Gold
TT-21220,1427.0439999999999,8,55,0.21333333333333335,278.7371,178.38049999999998,8,0,Gold
TT-21265,439.5,3,8,0.0,93.9162,146.5,3,2,Silver
TT-21460,5364.808,7,48,0.1285714285714286,1124.4999,766.4011428571429,7,0,Gold
TW-21025,5278.826,7,57,0.10000000000000002,737.3905,754.118,7,0,Gold
TZ-21580,1707.286,4,30,0.08888888888888889,224.8887,426.8215,4,2,Silver
VB-21745,2005.596,6,37,0.16999999999999998,371.2398,334.266,6,2,Silver
VD-21670,6442.254,6,71,0.07500000000000001,1617.7874000000002,1073.709,6,3,Platinum
VF-21715,847.944,5,35,0.06363636363636363,-96.27799999999999,169.5888,5,2,Silver
VG-21790,846.01,6,32,0.07500000000000001,143.6268,141.00166666666667,6,2,Silver
VG-21805,427.372,5,16,0.10000000000000002,-52.333,85.4744,5,2,Silver
VM-21685,2454.866,7,37,0.10000000000000002,513.5269,350.69514285714286,7,2,Silver
VM-21835,380.69,5,25,0.11249999999999999,116.6373,76.138,5,2,Silver
VP-21730,993.9019999999999,3,18,0.04,205.3888,331.30066666666664,3,2,Silver
VP-21760,3360.526,7,65,0.17142857142857143,-1018.7768,480.07514285714285,7,0,Gold
VS-21820,1055.981,4,38,0.475,-262.8093,263.99525,4,1,Bronze
VT-21700,1736.596,2,42,0.3333333333333333,-224.08889999999997,868.298,2,1,Bronze
VW-21775,6134.0380000000005,10,77,0.1611111111111111,-874.6645,613.4038,10,0,Gold
WB-21850,6160.102,11,146,0.2054054054054054,714.3311,560.0092727272727,11,0,Gold
XP-21865,2374.658,11,100,0.04642857142857143,621.23,215.878,11,0,Gold
YC-21895,5454.35,5,31,0.07500000000000001,1305.629,1090.8700000000001,5,2,Silver
YS-21880,6720.4439999999995,8,58,0.05000000000000001,1778.2923,840.0554999999999,8,3,Platinum
ZC-21910,8025.707,13,105,0.25483870967741934,-1032.1490000000001,617.362076923077,13,0,Gold
ZD-21925,1493.944,5,32,0.1111111111111111,249.1307,298.7888,5,2,Silver
